,ASIN,Brand,Category,SalesRank,BrandURL
265,B07R8GD47V,Goli,"Clothing, Shoes & Jewelry",2,https://www.amazon.com/s?rh=n%3A3880961%2Cp_89%3AGoli
266,B0863TXGM3,Sony,"Clothing, Shoes & Jewelry",4,https://www.amazon.com/s?rh=n%3A3880961%2Cp_89%3ASony
267,B01LSUQSB0,REVLON,"Clothing, Shoes & Jewelry",10,https://www.amazon.com/s?rh=n%3A3880961%2Cp_89%3AREVLON
268,B002MSN3QQ,EltaMD,"Clothing, Shoes & Jewelry",12,https://www.amazon.com/s?rh=n%3A3880961%2Cp_89%3AEltaMD
289,B01MSSDEPK,CeraVe,"Clothing, Shoes & Jewelry",14,https://www.amazon.com/s?rh=n%3A3880961%2Cp_89%3ACeraVe
187720,B07DQ4VZ4H,Levi's,"Clothing, Shoes & Jewelry",18,https://www.amazon.com/s?rh=n%3A3880961%2Cp_89%3ALevi's
272,B00SNM5US4,Olaplex,"Clothing, Shoes & Jewelry",19,https://www.amazon.com/s?rh=n%3A3880961%2Cp_89%3AOlaplex
279,B00949CTQQ,Paula's Choice,"Clothing, Shoes & Jewelry",21,https://www.amazon.com/s?rh=n%3A3880961%2Cp_89%3APaula's+Choice
284,B00DU5SRIY,Stardrops,"Clothing, Shoes & Jewelry",28,https://www.amazon.com/s?rh=n%3A3880961%2Cp_89%3AStardrops
292,B084CQSL3Q,Fitbit,"Clothing, Shoes & Jewelry",43,https://www.amazon.com/s?rh=n%3A3880961%2Cp_89%3AFitbit
282,B07WWC3T9Q,BAIMEI,"Clothing, Shoes & Jewelry",43,https://www.amazon.com/s?rh=n%3A3880961%2Cp_89%3ABAIMEI
290,B07HKQ6YGX,JBL,"Clothing, Shoes & Jewelry",75,https://www.amazon.com/s?rh=n%3A3880961%2Cp_89%3AJBL
303,B07FPVR858,TRAVANDO,"Clothing, Shoes & Jewelry,Men,Accessories,Wallets, Card Cases & Money Organizers,Wallets",129,https://www.amazon.com/s?rh=n%3A3880961%2Cp_89%3ATRAVANDO
187617,B072KJ6SL5,Cherokee,"Clothing, Shoes & Jewelry",133,https://www.amazon.com/s?rh=n%3A3880961%2Cp_89%3ACherokee
275,B083ZZMLQS,HP,"Clothing, Shoes & Jewelry",141,https://www.amazon.com/s?rh=n%3A3880961%2Cp_89%3AHP
306,B001PU9A9Q,Nippies,"Clothing, Shoes & Jewelry,Women,Clothing,Lingerie, Sleep & Lounge,Lingerie,Accessories,Breast Petals",145,https://www.amazon.com/s?rh=n%3A3880961%2Cp_89%3ANippies
287,B07145GM4B,Philips Norelco,"Clothing, Shoes & Jewelry",304,https://www.amazon.com/s?rh=n%3A3880961%2Cp_89%3APhilips+Norelco
271,B084JH43DJ,SAMSUNG,"Clothing, Shoes & Jewelry",354,https://www.amazon.com/s?rh=n%3A3880961%2Cp_89%3ASAMSUNG
274,B07FDJMC9Q,Ninja,"Clothing, Shoes & Jewelry",462,https://www.amazon.com/s?rh=n%3A3880961%2Cp_89%3ANinja
286,B07PJ5Q943,Bartesian,"Clothing, Shoes & Jewelry",879,https://www.amazon.com/s?rh=n%3A3880961%2Cp_89%3ABartesian
311,B0113WE0QS,AZMED,"Clothing, Shoes & Jewelry,Women,Maternity,Intimates,Belly Bands",882,https://www.amazon.com/s?rh=n%3A3880961%2Cp_89%3AAZMED
187586,B07ST88R7Q,Forever Link,"Clothing, Shoes & Jewelry",1122,https://www.amazon.com/s?rh=n%3A3880961%2Cp_89%3AForever+Link
152,B08BVX8FHV,Brooks,"Clothing, Shoes & Jewelry",1163,https://www.amazon.com/s?rh=n%3A3880961%2Cp_89%3ABrooks
285,B01BZOKLOO,Nekteck,"Clothing, Shoes & Jewelry",1196,https://www.amazon.com/s?rh=n%3A3880961%2Cp_89%3ANekteck
187634,B08198B7T4,SweatyRocks,"Clothing, Shoes & Jewelry",1225,https://www.amazon.com/s?rh=n%3A3880961%2Cp_89%3ASweatyRocks
324,B082GC1VGV,New Balance,"Clothing, Shoes & Jewelry,Women,Shoes,Athletic,Fitness & Cross-Training",1908,https://www.amazon.com/s?rh=n%3A3880961%2Cp_89%3ANew+Balance
187532,B08TBL129N,TSLA,"Clothing, Shoes & Jewelry",2141,https://www.amazon.com/s?rh=n%3A3880961%2Cp_89%3ATSLA
187633,B07V25N6ZG,Hanes,"Clothing, Shoes & Jewelry",2659,https://www.amazon.com/s?rh=n%3A3880961%2Cp_89%3AHanes
56,B08HZFHGTS,Ray-Ban,"Clothing, Shoes & Jewelry",2793,https://www.amazon.com/s?rh=n%3A3880961%2Cp_89%3ARay-Ban
288,B07D75MVX9,eufy,"Clothing, Shoes & Jewelry",3031,https://www.amazon.com/s?rh=n%3A3880961%2Cp_89%3Aeufy
187590,B092CY2VQ1,OMKAGI,"Clothing, Shoes & Jewelry",3188,https://www.amazon.com/s?rh=n%3A3880961%2Cp_89%3AOMKAGI
187558,B07FKCCWTT,Peauty,"Clothing, Shoes & Jewelry",3211,https://www.amazon.com/s?rh=n%3A3880961%2Cp_89%3APeauty
63,B07BY2KL6M,Costa Del Mar,"Clothing, Shoes & Jewelry",3480,https://www.amazon.com/s?rh=n%3A3880961%2Cp_89%3ACosta+Del+Mar
187671,B08YN8P4KS,Runcati,"Clothing, Shoes & Jewelry",3482,https://www.amazon.com/s?rh=n%3A3880961%2Cp_89%3ARuncati
9,B089FHFJYP,Columbia,"Clothing, Shoes & Jewelry",3685,https://www.amazon.com/s?rh=n%3A3880961%2Cp_89%3AColumbia
66,B07HN8FYR9,Gravity Defyer,"Clothing, Shoes & Jewelry",3860,https://www.amazon.com/s?rh=n%3A3880961%2Cp_89%3AGravity+Defyer
54,B07BLCFWZH,Travelpro,"Clothing, Shoes & Jewelry",3885,https://www.amazon.com/s?rh=n%3A3880961%2Cp_89%3ATravelpro
280,B07S864GPW,Shark,"Clothing, Shoes & Jewelry",4014,https://www.amazon.com/s?rh=n%3A3880961%2Cp_89%3AShark
187774,B07ML7M84S,Ekouaer,"Clothing, Shoes & Jewelry,Women,Clothing,Lingerie, Sleep & Lounge,Sleep & Lounge,Nightgowns & Sleepshirts",4016,https://www.amazon.com/s?rh=n%3A3880961%2Cp_89%3AEkouaer
187603,B07C1H3W28,DUOYANGJIASHA,"Clothing, Shoes & Jewelry",4141,https://www.amazon.com/s?rh=n%3A3880961%2Cp_89%3ADUOYANGJIASHA
269,B00CH9QWOU,Breville,"Clothing, Shoes & Jewelry",4436,https://www.amazon.com/s?rh=n%3A3880961%2Cp_89%3ABreville
187530,B09156N9BZ,URATOT,"Clothing, Shoes & Jewelry",4492,https://www.amazon.com/s?rh=n%3A3880961%2Cp_89%3AURATOT
187611,B078BH52D8,Beautifulfashionlife,"Clothing, Shoes & Jewelry",4955,https://www.amazon.com/s?rh=n%3A3880961%2Cp_89%3ABeautifulfashionlife
187576,B08N9VD9FD,Aleumdr,"Clothing, Shoes & Jewelry",5064,https://www.amazon.com/s?rh=n%3A3880961%2Cp_89%3AAleumdr
187711,B07F2SPNF2,adidas,"Clothing, Shoes & Jewelry",5173,https://www.amazon.com/s?rh=n%3A3880961%2Cp_89%3Aadidas
187575,B08JK7VWGL,HulovoX,"Clothing, Shoes & Jewelry",5494,https://www.amazon.com/s?rh=n%3A3880961%2Cp_89%3AHulovoX
187875,B088KGMNPJ,Amazon Essentials,"Clothing, Shoes & Jewelry,Women,Shoes,Flats",6502,https://www.amazon.com/s?rh=n%3A3880961%2Cp_89%3AAmazon+Essentials
187647,B01BN2LJ0I,Thermajane,"Clothing, Shoes & Jewelry",6587,https://www.amazon.com/s?rh=n%3A3880961%2Cp_89%3AThermajane
187745,B000YZEJ2G,Speedo,"Clothing, Shoes & Jewelry",6890,https://www.amazon.com/s?rh=n%3A3880961%2Cp_89%3ASpeedo
187515,B00G87PLNU,Jockey,"Clothing, Shoes & Jewelry",6929,https://www.amazon.com/s?rh=n%3A3880961%2Cp_89%3AJockey
187561,B01N3C1PYK,NNJXD,"Clothing, Shoes & Jewelry",7471,https://www.amazon.com/s?rh=n%3A3880961%2Cp_89%3ANNJXD
187656,B079HF1ZMB,YEMAK,"Clothing, Shoes & Jewelry",8330,https://www.amazon.com/s?rh=n%3A3880961%2Cp_89%3AYEMAK
65,B07SZK3JLY,Fossil,"Clothing, Shoes & Jewelry",8592,https://www.amazon.com/s?rh=n%3A3880961%2Cp_89%3AFossil
187626,B08PZ3DPF5,tombik,"Clothing, Shoes & Jewelry",8625,https://www.amazon.com/s?rh=n%3A3880961%2Cp_89%3Atombik
313,B003159VBK,Oakley,"Clothing, Shoes & Jewelry,Men,Accessories,Sunglasses & Eyewear Accessories,Sunglasses",8883,https://www.amazon.com/s?rh=n%3A3880961%2Cp_89%3AOakley
187536,B08BPMMVJT,Alex and Ani,"Clothing, Shoes & Jewelry",9390,https://www.amazon.com/s?rh=n%3A3880961%2Cp_89%3AAlex+and+Ani
187789,B08DLJWF1S,ZAFUL,"Clothing, Shoes & Jewelry,Women,Clothing,Swimsuits & Cover Ups,Bikinis,Sets",9676,https://www.amazon.com/s?rh=n%3A3880961%2Cp_89%3AZAFUL
187519,B074PC5GSK,Made Emma,"Clothing, Shoes & Jewelry",9689,https://www.amazon.com/s?rh=n%3A3880961%2Cp_89%3AMade+Emma
187554,B00551P3II,Playtex,"Clothing, Shoes & Jewelry",9977,https://www.amazon.com/s?rh=n%3A3880961%2Cp_89%3APlaytex
246,B06X42GZT6,Cole Haan,"Clothing, Shoes & Jewelry",10160,https://www.amazon.com/s?rh=n%3A3880961%2Cp_89%3ACole+Haan
187766,B07MCXHXM6,DELIMIRA,"Clothing, Shoes & Jewelry,Women,Plus-Size,Intimates,Bras,Everyday Bras",10608,https://www.amazon.com/s?rh=n%3A3880961%2Cp_89%3ADELIMIRA
187709,B0814S1QP6,TTYAOVO,"Clothing, Shoes & Jewelry",10628,https://www.amazon.com/s?rh=n%3A3880961%2Cp_89%3ATTYAOVO
187742,B07RQDXRW3,Hurley,"Clothing, Shoes & Jewelry",10636,https://www.amazon.com/s?rh=n%3A3880961%2Cp_89%3AHurley
348,B078Y965W1,Nike,"Clothing, Shoes & Jewelry,Men,Shoes,Athletic,Running,Road Running",10840,https://www.amazon.com/s?rh=n%3A3880961%2Cp_89%3ANike
53,B01N4F7JJK,WOLVERINE,"Clothing, Shoes & Jewelry",11266,https://www.amazon.com/s?rh=n%3A3880961%2Cp_89%3AWOLVERINE
187568,B0007QMK3C,Maidenform,"Clothing, Shoes & Jewelry",11461,https://www.amazon.com/s?rh=n%3A3880961%2Cp_89%3AMaidenform
187523,B07CG4JPLG,Floerns,"Clothing, Shoes & Jewelry",11930,https://www.amazon.com/s?rh=n%3A3880961%2Cp_89%3AFloerns
206,B0045XQ5IO,BERING,"Clothing, Shoes & Jewelry",11939,https://www.amazon.com/s?rh=n%3A3880961%2Cp_89%3ABERING
187629,B011KNGWUW,FIGS,"Clothing, Shoes & Jewelry",12206,https://www.amazon.com/s?rh=n%3A3880961%2Cp_89%3AFIGS
347,B07ZHY9B8N,Reebok,"Clothing, Shoes & Jewelry,Women,Shoes,Athletic",12668,https://www.amazon.com/s?rh=n%3A3880961%2Cp_89%3AReebok
51,B07ZC8MDR8,Michael Kors,"Clothing, Shoes & Jewelry",13609,https://www.amazon.com/s?rh=n%3A3880961%2Cp_89%3AMichael+Kors
187840,B08S72HFF7,YHOON,"Clothing, Shoes & Jewelry",13935,https://www.amazon.com/s?rh=n%3A3880961%2Cp_89%3AYHOON
187547,B08B3V3ZC9,SIORO,"Clothing, Shoes & Jewelry",14377,https://www.amazon.com/s?rh=n%3A3880961%2Cp_89%3ASIORO
187635,B083GFX5G4,Gxlu,"Clothing, Shoes & Jewelry",14480,https://www.amazon.com/s?rh=n%3A3880961%2Cp_89%3AGxlu
187829,B0042D80UI,Bloch,"Clothing, Shoes & Jewelry,Girls,Shoes,Athletic,Dance",14573,https://www.amazon.com/s?rh=n%3A3880961%2Cp_89%3ABloch
187856,B076VRP63K,Spyder,"Clothing, Shoes & Jewelry,Men,Clothing,Underwear,Boxer Briefs",14637,https://www.amazon.com/s?rh=n%3A3880961%2Cp_89%3ASpyder
187820,B08VKQHZF4,Sunny Fashion,"Clothing, Shoes & Jewelry,Girls,Clothing,Dresses,Special Occasion",15399,https://www.amazon.com/s?rh=n%3A3880961%2Cp_89%3ASunny+Fashion
187518,B07JBXMPFJ,SHELY,"Clothing, Shoes & Jewelry",15510,https://www.amazon.com/s?rh=n%3A3880961%2Cp_89%3ASHELY
187573,B076M368SC,Cichic,"Clothing, Shoes & Jewelry",15939,https://www.amazon.com/s?rh=n%3A3880961%2Cp_89%3ACichic
187810,B08BLS7SDJ,HUK,"Clothing, Shoes & Jewelry,Men,Clothing,Shirts",15978,https://www.amazon.com/s?rh=n%3A3880961%2Cp_89%3AHUK
187836,B00WG4QJG2,H2H,"Clothing, Shoes & Jewelry,Men,Clothing,Fashion Hoodies & Sweatshirts",16029,https://www.amazon.com/s?rh=n%3A3880961%2Cp_89%3AH2H
187744,B08X9Z2XJ8,RXRXCOCO,"Clothing, Shoes & Jewelry",16073,https://www.amazon.com/s?rh=n%3A3880961%2Cp_89%3ARXRXCOCO
187599,B00I47L25I,Snapins,"Clothing, Shoes & Jewelry",16728,https://www.amazon.com/s?rh=n%3A3880961%2Cp_89%3ASnapins
187830,B07S29584Y,VISLILY,"Clothing, Shoes & Jewelry,Women,Plus-Size,Tops & Tees,Knits & Tees",17163,https://www.amazon.com/s?rh=n%3A3880961%2Cp_89%3AVISLILY
187510,B07QS4XP93,Wizland,"Clothing, Shoes & Jewelry",17376,https://www.amazon.com/s?rh=n%3A3880961%2Cp_89%3AWizland
187574,B08B12VKTN,icyzone,"Clothing, Shoes & Jewelry",18274,https://www.amazon.com/s?rh=n%3A3880961%2Cp_89%3Aicyzone
344,B072J95V4X,ON,"Clothing, Shoes & Jewelry,Men,Shoes,Athletic,Running",18310,https://www.amazon.com/s?rh=n%3A3880961%2Cp_89%3AON
69,B06VV8FZJ9,Osprey,"Clothing, Shoes & Jewelry",18510,https://www.amazon.com/s?rh=n%3A3880961%2Cp_89%3AOsprey
187622,B0142WTG92,Dressy Daisy,"Clothing, Shoes & Jewelry",18604,https://www.amazon.com/s?rh=n%3A3880961%2Cp_89%3ADressy+Daisy
187612,B07S7QJNZN,XR,"Clothing, Shoes & Jewelry",18972,https://www.amazon.com/s?rh=n%3A3880961%2Cp_89%3AXR
187605,B08LCY4W8S,CQR,"Clothing, Shoes & Jewelry",19010,https://www.amazon.com/s?rh=n%3A3880961%2Cp_89%3ACQR
187517,B08M8QZV97,Roxy,"Clothing, Shoes & Jewelry",19224,https://www.amazon.com/s?rh=n%3A3880961%2Cp_89%3ARoxy
187715,B08QH9DTDN,Bella Marie,"Clothing, Shoes & Jewelry",19568,https://www.amazon.com/s?rh=n%3A3880961%2Cp_89%3ABella+Marie
187553,B08VJ4JJG8,ROSRISS,"Clothing, Shoes & Jewelry",20314,https://www.amazon.com/s?rh=n%3A3880961%2Cp_89%3AROSRISS
187681,B08DSZ1NDJ,Calvin Klein,"Clothing, Shoes & Jewelry",20348,https://www.amazon.com/s?rh=n%3A3880961%2Cp_89%3ACalvin+Klein
187759,B07QT6SBCF,Life is Good,"Clothing, Shoes & Jewelry",20354,https://www.amazon.com/s?rh=n%3A3880961%2Cp_89%3ALife+is+Good
401,B01I6GTW2Q,ECCO,"Clothing, Shoes & Jewelry,Women,Shoes,Fashion Sneakers",20519,https://www.amazon.com/s?rh=n%3A3880961%2Cp_89%3AECCO
187597,B07Z8M6MHB,LaiyiVic,"Clothing, Shoes & Jewelry",21133,https://www.amazon.com/s?rh=n%3A3880961%2Cp_89%3ALaiyiVic
187555,B071YHL6DK,EllieHouse,"Clothing, Shoes & Jewelry",21550,https://www.amazon.com/s?rh=n%3A3880961%2Cp_89%3AEllieHouse
187694,B08SBRKN3F,COASIS,"Clothing, Shoes & Jewelry",21620,https://www.amazon.com/s?rh=n%3A3880961%2Cp_89%3ACOASIS
187600,B00N9T81N2,PURE STYLE Girlfriends,"Clothing, Shoes & Jewelry",21892,https://www.amazon.com/s?rh=n%3A3880961%2Cp_89%3APURE+STYLE+Girlfriends
187615,B07G87M3NH,connche,"Clothing, Shoes & Jewelry",22254,https://www.amazon.com/s?rh=n%3A3880961%2Cp_89%3Aconnche
187686,B085NLV3LY,Pulltop,"Clothing, Shoes & Jewelry",22308,https://www.amazon.com/s?rh=n%3A3880961%2Cp_89%3APulltop
187758,B07PPXVVLM,Under Armour,"Clothing, Shoes & Jewelry",22337,https://www.amazon.com/s?rh=n%3A3880961%2Cp_89%3AUnder+Armour
187507,B08J72Y2P6,Wangdo,"Clothing, Shoes & Jewelry",22506,https://www.amazon.com/s?rh=n%3A3880961%2Cp_89%3AWangdo
187876,B08D9GTY67,Ataiwee,"Clothing, Shoes & Jewelry,Girls,Shoes,Sandals",22770,https://www.amazon.com/s?rh=n%3A3880961%2Cp_89%3AAtaiwee
187522,B08BRGZY99,IZZY + TOBY,"Clothing, Shoes & Jewelry",23148,https://www.amazon.com/s?rh=n%3A3880961%2Cp_89%3AIZZY+++TOBY
187688,B085WTMVKY,French Toast,"Clothing, Shoes & Jewelry",23151,https://www.amazon.com/s?rh=n%3A3880961%2Cp_89%3AFrench+Toast
187552,B08CRG4QYV,ADOME,"Clothing, Shoes & Jewelry",23186,https://www.amazon.com/s?rh=n%3A3880961%2Cp_89%3AADOME
334,B000XF6KLA,Timberland PRO,"Clothing, Shoes & Jewelry,Men,Shoes,Boots,Work & Safety,Industrial & Construction Boots",23664,https://www.amazon.com/s?rh=n%3A3880961%2Cp_89%3ATimberland+PRO
187727,B07MNCN4G6,Belilent,"Clothing, Shoes & Jewelry",24174,https://www.amazon.com/s?rh=n%3A3880961%2Cp_89%3ABelilent
57,B01HNAUUS6,Garmont,"Clothing, Shoes & Jewelry",25105,https://www.amazon.com/s?rh=n%3A3880961%2Cp_89%3AGarmont
187775,B072R23QRJ,CLOVERY,"Clothing, Shoes & Jewelry,Women,Clothing,Tops, Tees & Blouses,Polos",25719,https://www.amazon.com/s?rh=n%3A3880961%2Cp_89%3ACLOVERY
187854,B092ZQKZ4Z,andy & natalie,"Clothing, Shoes & Jewelry,Women,Clothing,Tops, Tees & Blouses,Polos",25807,https://www.amazon.com/s?rh=n%3A3880961%2Cp_89%3Aandy+&+natalie
187675,B08ZSY6FS9,SOLY HUX,"Clothing, Shoes & Jewelry",25992,https://www.amazon.com/s?rh=n%3A3880961%2Cp_89%3ASOLY+HUX
323,B082D48P1K,HOKA ONE ONE,"Clothing, Shoes & Jewelry,Men,Shoes,Athletic,Running,Road Running",26676,https://www.amazon.com/s?rh=n%3A3880961%2Cp_89%3AHOKA+ONE+ONE
187542,B07MYY4K8P,PRETTYWELL,"Clothing, Shoes & Jewelry",26840,https://www.amazon.com/s?rh=n%3A3880961%2Cp_89%3APRETTYWELL
187601,B08R5J16LJ,COCOLEGGINGS,"Clothing, Shoes & Jewelry",27081,https://www.amazon.com/s?rh=n%3A3880961%2Cp_89%3ACOCOLEGGINGS
187660,B08RBGKWZG,OKBA,"Clothing, Shoes & Jewelry",27387,https://www.amazon.com/s?rh=n%3A3880961%2Cp_89%3AOKBA
187733,B0091OL4EM,Sockwell,"Clothing, Shoes & Jewelry",27432,https://www.amazon.com/s?rh=n%3A3880961%2Cp_89%3ASockwell
187864,B075P4ZBDB,LA LEELA,"Clothing, Shoes & Jewelry,Men,Clothing,Shirts,Casual Button-Down Shirts",27877,https://www.amazon.com/s?rh=n%3A3880961%2Cp_89%3ALA+LEELA
187509,B08Y63PCNW,HDE,"Clothing, Shoes & Jewelry",28577,https://www.amazon.com/s?rh=n%3A3880961%2Cp_89%3AHDE
187726,B08MZLJH4B,COOrun,"Clothing, Shoes & Jewelry",28717,https://www.amazon.com/s?rh=n%3A3880961%2Cp_89%3ACOOrun
187741,B08T2GWG4K,TOLENY,"Clothing, Shoes & Jewelry",29275,https://www.amazon.com/s?rh=n%3A3880961%2Cp_89%3ATOLENY
187666,B0844PH8P2,dexflex Comfort,"Clothing, Shoes & Jewelry",29596,https://www.amazon.com/s?rh=n%3A3880961%2Cp_89%3Adexflex+Comfort
34,B081P9BSTW,KEEN,"Clothing, Shoes & Jewelry",30497,https://www.amazon.com/s?rh=n%3A3880961%2Cp_89%3AKEEN
187769,B089N8J515,Deyllo,"Clothing, Shoes & Jewelry,Women,Clothing,Lingerie, Sleep & Lounge,Lingerie,Bras,Everyday Bras",31491,https://www.amazon.com/s?rh=n%3A3880961%2Cp_89%3ADeyllo
187870,B089978W21,longfor,"Clothing, Shoes & Jewelry,Men,Clothing,Underwear,Boxer Briefs",31961,https://www.amazon.com/s?rh=n%3A3880961%2Cp_89%3Alongfor
389,B07765FRF4,Sperry,"Clothing, Shoes & Jewelry,Men,Shoes,Loafers & Slip-Ons",32330,https://www.amazon.com/s?rh=n%3A3880961%2Cp_89%3ASperry
187851,B084GW712J,DC Comics,"Clothing, Shoes & Jewelry,Costumes & Accessories,Kids & Baby,Girls,Costumes",33356,https://www.amazon.com/s?rh=n%3A3880961%2Cp_89%3ADC+Comics
49,B009S13XJC,Casio,"Clothing, Shoes & Jewelry",33422,https://www.amazon.com/s?rh=n%3A3880961%2Cp_89%3ACasio
187569,B08SC55PL5,Dannto,"Clothing, Shoes & Jewelry",33836,https://www.amazon.com/s?rh=n%3A3880961%2Cp_89%3ADannto
187751,B08CCJX4S8,Champion,"Clothing, Shoes & Jewelry",33981,https://www.amazon.com/s?rh=n%3A3880961%2Cp_89%3AChampion
187520,B07F1XRHQQ,PANDANINJIA,"Clothing, Shoes & Jewelry",34355,https://www.amazon.com/s?rh=n%3A3880961%2Cp_89%3APANDANINJIA
187880,B0878R5XXB,Air Curvey,"Clothing, Shoes & Jewelry,Women,Clothing,Lingerie, Sleep & Lounge,Sleep & Lounge,Bottoms",34532,https://www.amazon.com/s?rh=n%3A3880961%2Cp_89%3AAir+Curvey
187730,B075G5SGQ9,Savane,"Clothing, Shoes & Jewelry",35801,https://www.amazon.com/s?rh=n%3A3880961%2Cp_89%3ASavane
187648,B08S79BZMB,Passec,"Clothing, Shoes & Jewelry",35835,https://www.amazon.com/s?rh=n%3A3880961%2Cp_89%3APassec
187878,B07WMTL81D,NSSMWTTC,"Clothing, Shoes & Jewelry,Baby,Baby Girls,Clothing,Dresses,Special Occasion",37523,https://www.amazon.com/s?rh=n%3A3880961%2Cp_89%3ANSSMWTTC
187674,B08G52ZBVR,Sexy Basics,"Clothing, Shoes & Jewelry",37670,https://www.amazon.com/s?rh=n%3A3880961%2Cp_89%3ASexy+Basics
187654,B07Q6K3TG4,Ailunsnika,"Clothing, Shoes & Jewelry",38218,https://www.amazon.com/s?rh=n%3A3880961%2Cp_89%3AAilunsnika
187833,B08N6JJNVW,Homitem,"Clothing, Shoes & Jewelry,Men,Shoes,Slippers",38306,https://www.amazon.com/s?rh=n%3A3880961%2Cp_89%3AHomitem
187579,B08FRBVKS4,CULAYII,"Clothing, Shoes & Jewelry",38813,https://www.amazon.com/s?rh=n%3A3880961%2Cp_89%3ACULAYII
256,B078KLB8VM,KEEN Utility,"Clothing, Shoes & Jewelry",38904,https://www.amazon.com/s?rh=n%3A3880961%2Cp_89%3AKEEN+Utility
187894,B07P9Q55JN,BONESUN,"Clothing, Shoes & Jewelry,Women,Clothing,Swimsuits & Cover Ups,Bikinis,Sets",39444,https://www.amazon.com/s?rh=n%3A3880961%2Cp_89%3ABONESUN
359,B088MDH1PP,MARMOT,"Clothing, Shoes & Jewelry,Men,Clothing,Jackets & Coats,Active & Performance,Shells",39777,https://www.amazon.com/s?rh=n%3A3880961%2Cp_89%3AMARMOT
187843,B07J1HYZKH,uideazone,"Clothing, Shoes & Jewelry,Men,Clothing,Active,Active Pants",40157,https://www.amazon.com/s?rh=n%3A3880961%2Cp_89%3Auideazone
187696,B07ZNNQWMJ,Ophestin,"Clothing, Shoes & Jewelry",40665,https://www.amazon.com/s?rh=n%3A3880961%2Cp_89%3AOphestin
187713,B07S487YLG,Aeeque,"Clothing, Shoes & Jewelry",40769,https://www.amazon.com/s?rh=n%3A3880961%2Cp_89%3AAeeque
187504,B07WYLP893,WithCity Costume,"Clothing, Shoes & Jewelry",41125,https://www.amazon.com/s?rh=n%3A3880961%2Cp_89%3AWithCity+Costume
187795,B08SM2LFFZ,SWEETBUMP,"Clothing, Shoes & Jewelry,Women,Maternity,Swim,Bikinis",41255,https://www.amazon.com/s?rh=n%3A3880961%2Cp_89%3ASWEETBUMP
187874,B075QHWZ3D,Sunday Afternoons,"Clothing, Shoes & Jewelry,Baby,Baby Boys,Accessories,Hats & Caps",41411,https://www.amazon.com/s?rh=n%3A3880961%2Cp_89%3ASunday+Afternoons
187834,B078FWV6CW,Romacci,"Clothing, Shoes & Jewelry,Women,Clothing,Tops, Tees & Blouses,Blouses & Button-Down Shirts",41685,https://www.amazon.com/s?rh=n%3A3880961%2Cp_89%3ARomacci
187753,B08MKZ3JLD,K KomForme,"Clothing, Shoes & Jewelry",41738,https://www.amazon.com/s?rh=n%3A3880961%2Cp_89%3AK+KomForme
67,B01NCP8WM6,SPY,"Clothing, Shoes & Jewelry",42104,https://www.amazon.com/s?rh=n%3A3880961%2Cp_89%3ASPY
78,B01INLUDEA,Garmont Tactical,"Clothing, Shoes & Jewelry",42322,https://www.amazon.com/s?rh=n%3A3880961%2Cp_89%3AGarmont+Tactical
187872,B07VGPYDHQ,Weintee,"Clothing, Shoes & Jewelry,Women,Clothing,Active,Active Pants",42343,https://www.amazon.com/s?rh=n%3A3880961%2Cp_89%3AWeintee
187814,B08S33B1VP,TICOSA,"Clothing, Shoes & Jewelry,Women,Clothing,Tops, Tees & Blouses,Tunics",42703,https://www.amazon.com/s?rh=n%3A3880961%2Cp_89%3ATICOSA
187761,B07B3RTCG6,Tintart,"Clothing, Shoes & Jewelry,Men,Accessories,Sunglasses & Eyewear Accessories,Replacement Sunglass Lenses",43576,https://www.amazon.com/s?rh=n%3A3880961%2Cp_89%3ATintart
187734,B07W6X2WL5,Arctix,"Clothing, Shoes & Jewelry",43739,https://www.amazon.com/s?rh=n%3A3880961%2Cp_89%3AArctix
187505,B07H3Y4BBS,Havaianas,"Clothing, Shoes & Jewelry",43822,https://www.amazon.com/s?rh=n%3A3880961%2Cp_89%3AHavaianas
241,B0196NGCAI,Serengeti,"Clothing, Shoes & Jewelry",43941,https://www.amazon.com/s?rh=n%3A3880961%2Cp_89%3ASerengeti
187873,B015RFBSD0,Danskin,"Clothing, Shoes & Jewelry,Women,Clothing,Active,Active Shorts",44756,https://www.amazon.com/s?rh=n%3A3880961%2Cp_89%3ADanskin
187805,B07RK71G3K,Wishcotton,"Clothing, Shoes & Jewelry,Women,Shoes,Slippers",44764,https://www.amazon.com/s?rh=n%3A3880961%2Cp_89%3AWishcotton
187701,B08S7129N8,Zaxicht,"Clothing, Shoes & Jewelry",45247,https://www.amazon.com/s?rh=n%3A3880961%2Cp_89%3AZaxicht
187631,B07NNWGMJK,Design Olivia,"Clothing, Shoes & Jewelry",45803,https://www.amazon.com/s?rh=n%3A3880961%2Cp_89%3ADesign+Olivia
187724,B08S3FPG75,NIMIN,"Clothing, Shoes & Jewelry",45811,https://www.amazon.com/s?rh=n%3A3880961%2Cp_89%3ANIMIN
187511,B08LYCJRDX,Ryannology,"Clothing, Shoes & Jewelry",46076,https://www.amazon.com/s?rh=n%3A3880961%2Cp_89%3ARyannology
187791,B08JK85RVY,Sayyea,"Clothing, Shoes & Jewelry,Baby,Baby Girls,Shoes,Athletic & Outdoor",46115,https://www.amazon.com/s?rh=n%3A3880961%2Cp_89%3ASayyea
352,B08FBZYGR9,Persol,"Clothing, Shoes & Jewelry,Women,Accessories,Sunglasses & Eyewear Accessories,Sunglasses",46140,https://www.amazon.com/s?rh=n%3A3880961%2Cp_89%3APersol
187644,B07NJ54VWK,NIKIBIKI,"Clothing, Shoes & Jewelry",46515,https://www.amazon.com/s?rh=n%3A3880961%2Cp_89%3ANIKIBIKI
187623,B07M6C8RJY,Clothe Co.,"Clothing, Shoes & Jewelry",46925,https://www.amazon.com/s?rh=n%3A3880961%2Cp_89%3AClothe+Co.
187881,B07RX3MB1X,XIDISO,"Clothing, Shoes & Jewelry,Women,Shoes,Athletic,Water Shoes",47639,https://www.amazon.com/s?rh=n%3A3880961%2Cp_89%3AXIDISO
187862,B07WP8383J,HonestBa,"Clothing, Shoes & Jewelry,Baby,Baby Boys,Clothing,Tops,Tees",47707,https://www.amazon.com/s?rh=n%3A3880961%2Cp_89%3AHonestBa
187524,B078V8Q8V9,BSTANG,"Clothing, Shoes & Jewelry",48477,https://www.amazon.com/s?rh=n%3A3880961%2Cp_89%3ABSTANG
6,B000VX386Y,Timberland,"Clothing, Shoes & Jewelry",48951,https://www.amazon.com/s?rh=n%3A3880961%2Cp_89%3ATimberland
187540,B085LSKJHV,Disney,"Clothing, Shoes & Jewelry",49186,https://www.amazon.com/s?rh=n%3A3880961%2Cp_89%3ADisney
187655,B091SNQYHZ,Jeniulet,"Clothing, Shoes & Jewelry,Women,Clothing,Swimsuits & Cover Ups,Bikinis,Sets",49847,https://www.amazon.com/s?rh=n%3A3880961%2Cp_89%3AJeniulet
187737,B08BJ7T8GH,DAELI,"Clothing, Shoes & Jewelry",50093,https://www.amazon.com/s?rh=n%3A3880961%2Cp_89%3ADAELI
187564,B01L2FE5A2,Popfunk,"Clothing, Shoes & Jewelry",50471,https://www.amazon.com/s?rh=n%3A3880961%2Cp_89%3APopfunk
187877,B01MRCDU98,Hybrid & Company,"Clothing, Shoes & Jewelry,Women,Clothing,Skirts",50549,https://www.amazon.com/s?rh=n%3A3880961%2Cp_89%3AHybrid+&+Company
321,B07XMJWC12,Mizuno,"Clothing, Shoes & Jewelry,Women,Shoes,Athletic,Running,Road Running",51487,https://www.amazon.com/s?rh=n%3A3880961%2Cp_89%3AMizuno
187642,B08KD6QTDQ,LseLom,"Clothing, Shoes & Jewelry",52199,https://www.amazon.com/s?rh=n%3A3880961%2Cp_89%3ALseLom
187825,B08RDNXMNN,Clarisbelle,"Clothing, Shoes & Jewelry",52420,https://www.amazon.com/s?rh=n%3A3880961%2Cp_89%3AClarisbelle
187695,B07FDBNHHG,GEMSME,"Clothing, Shoes & Jewelry",52672,https://www.amazon.com/s?rh=n%3A3880961%2Cp_89%3AGEMSME
187596,B07Z8D124T,LISBLIER,"Clothing, Shoes & Jewelry",52826,https://www.amazon.com/s?rh=n%3A3880961%2Cp_89%3ALISBLIER
187567,B076ZXYLCD,2040USA,"Clothing, Shoes & Jewelry",53206,https://www.amazon.com/s?rh=n%3A3880961%2Cp_89%3A2040USA
187731,B071RBH3LL,Bali,"Clothing, Shoes & Jewelry",54690,https://www.amazon.com/s?rh=n%3A3880961%2Cp_89%3ABali
187826,B08CRM1WHZ,DINGANG,"Clothing, Shoes & Jewelry,Women,Clothing,Dresses",55786,https://www.amazon.com/s?rh=n%3A3880961%2Cp_89%3ADINGANG
187592,B08SHFXF1K,GRACE KARIN,"Clothing, Shoes & Jewelry",55811,https://www.amazon.com/s?rh=n%3A3880961%2Cp_89%3AGRACE+KARIN
187640,B08HYFVJY6,VIISHOW,"Clothing, Shoes & Jewelry",56654,https://www.amazon.com/s?rh=n%3A3880961%2Cp_89%3AVIISHOW
187892,B001IYAGEW,Red Kap,"Clothing, Shoes & Jewelry,Men,Uniforms, Work & Safety,Clothing,Work Utility & Safety,Shorts",57052,https://www.amazon.com/s?rh=n%3A3880961%2Cp_89%3ARed+Kap
187801,B08LD2TCQS,SORVINO,"Clothing, Shoes & Jewelry,Women,Accessories,Sunglasses & Eyewear Accessories,Sunglasses",57055,https://www.amazon.com/s?rh=n%3A3880961%2Cp_89%3ASORVINO
187650,B07KSZXLZT,Qise,"Clothing, Shoes & Jewelry",57956,https://www.amazon.com/s?rh=n%3A3880961%2Cp_89%3AQise
187705,B07XHHGMYR,MIYA,"Clothing, Shoes & Jewelry",58154,https://www.amazon.com/s?rh=n%3A3880961%2Cp_89%3AMIYA
187525,B08ZCGRK4Y,CyKie,"Clothing, Shoes & Jewelry",58354,https://www.amazon.com/s?rh=n%3A3880961%2Cp_89%3ACyKie
176,B07XC3MXP3,Twisted X,"Clothing, Shoes & Jewelry",58426,https://www.amazon.com/s?rh=n%3A3880961%2Cp_89%3ATwisted+X
187779,B08SBQXWHB,Greg Norman,"Clothing, Shoes & Jewelry,Men,Clothing,Shirts,T-Shirts",59246,https://www.amazon.com/s?rh=n%3A3880961%2Cp_89%3AGreg+Norman
187610,B07H4DDM2J,Arjen Kroos,"Clothing, Shoes & Jewelry",62001,https://www.amazon.com/s?rh=n%3A3880961%2Cp_89%3AArjen+Kroos
187508,B079NBVZQZ,AmeriMark,"Clothing, Shoes & Jewelry",62545,https://www.amazon.com/s?rh=n%3A3880961%2Cp_89%3AAmeriMark
187780,B07S2RWDYX,momolove,"Clothing, Shoes & Jewelry,Women,Clothing,Swimsuits & Cover Ups,Cover-Ups",63224,https://www.amazon.com/s?rh=n%3A3880961%2Cp_89%3Amomolove
187679,B08PFR43MB,Sidefeel,"Clothing, Shoes & Jewelry",63468,https://www.amazon.com/s?rh=n%3A3880961%2Cp_89%3ASidefeel
187641,B07RHHWZK4,BLUEFAIRY,"Clothing, Shoes & Jewelry",63594,https://www.amazon.com/s?rh=n%3A3880961%2Cp_89%3ABLUEFAIRY
325,B01KW4G886,Forsake,"Clothing, Shoes & Jewelry,Women,Shoes,Outdoor,Hiking & Trekking,Hiking Boots",63733,https://www.amazon.com/s?rh=n%3A3880961%2Cp_89%3AForsake
187669,B01M8QTH37,iMucci,"Clothing, Shoes & Jewelry",63865,https://www.amazon.com/s?rh=n%3A3880961%2Cp_89%3AiMucci
187668,B08B3LZJM8,Topcosplay,"Clothing, Shoes & Jewelry",64057,https://www.amazon.com/s?rh=n%3A3880961%2Cp_89%3ATopcosplay
187785,B00K2XOTPW,Palmwave,"Clothing, Shoes & Jewelry,Men,Clothing,Shirts,Casual Button-Down Shirts",64180,https://www.amazon.com/s?rh=n%3A3880961%2Cp_89%3APalmwave
329,B005E1TB8M,The World Jewelry Center,"Clothing, Shoes & Jewelry,Women,Jewelry,Necklaces,Chains",64834,https://www.amazon.com/s?rh=n%3A3880961%2Cp_89%3AThe+World+Jewelry+Center
187657,B08QYJKSB7,ZGR,"Clothing, Shoes & Jewelry,Women,Shoes",65330,https://www.amazon.com/s?rh=n%3A3880961%2Cp_89%3AZGR
187692,B0019TXJEK,Santa Cruz Skateboards,"Clothing, Shoes & Jewelry",65721,https://www.amazon.com/s?rh=n%3A3880961%2Cp_89%3ASanta+Cruz+Skateboards
187693,B01M5JA5XA,mygreen,"Clothing, Shoes & Jewelry",65891,https://www.amazon.com/s?rh=n%3A3880961%2Cp_89%3Amygreen
187583,B08GFJLXC9,Obtaom,"Clothing, Shoes & Jewelry",66099,https://www.amazon.com/s?rh=n%3A3880961%2Cp_89%3AObtaom
187700,B0855C3Z4D,RBX,"Clothing, Shoes & Jewelry",66387,https://www.amazon.com/s?rh=n%3A3880961%2Cp_89%3ARBX
187879,B01LR93CZ2,SHIRT WAREHOUSE,"Clothing, Shoes & Jewelry,Novelty & More,Clothing,Novelty,Men,Shirts,T-Shirts",66828,https://www.amazon.com/s?rh=n%3A3880961%2Cp_89%3ASHIRT+WAREHOUSE
187661,B07RDLQ194,Miabella,"Clothing, Shoes & Jewelry",67553,https://www.amazon.com/s?rh=n%3A3880961%2Cp_89%3AMiabella
187756,B088RB4T25,MOLYBELL,"Clothing, Shoes & Jewelry",67940,https://www.amazon.com/s?rh=n%3A3880961%2Cp_89%3AMOLYBELL
187736,B08BJB4Q1S,Jade cabbage,"Clothing, Shoes & Jewelry",68974,https://www.amazon.com/s?rh=n%3A3880961%2Cp_89%3AJade+cabbage
187618,B08L3Y63D1,Aoxjox,"Clothing, Shoes & Jewelry",69580,https://www.amazon.com/s?rh=n%3A3880961%2Cp_89%3AAoxjox
186,B01I48JI0M,Irish Setter,"Clothing, Shoes & Jewelry",70271,https://www.amazon.com/s?rh=n%3A3880961%2Cp_89%3AIrish+Setter
187512,B08BF3X5B8,Marvel,"Clothing, Shoes & Jewelry",71022,https://www.amazon.com/s?rh=n%3A3880961%2Cp_89%3AMarvel
187619,B091PTX2NJ,KINIKO,"Clothing, Shoes & Jewelry",71478,https://www.amazon.com/s?rh=n%3A3880961%2Cp_89%3AKINIKO
187885,B07P377ZL1,Moon and Back Hanna Andersson,"Clothing, Shoes & Jewelry,Baby,Baby Girls,Clothing,Bodysuits",71784,https://www.amazon.com/s?rh=n%3A3880961%2Cp_89%3AMoon+and+Back+Hanna+Andersson
187501,B07QF8W8WL,Kearia,"Clothing, Shoes & Jewelry",71905,https://www.amazon.com/s?rh=n%3A3880961%2Cp_89%3AKearia
187728,B07N17NNTY,RIAH FASHION,"Clothing, Shoes & Jewelry",72207,https://www.amazon.com/s?rh=n%3A3880961%2Cp_89%3ARIAH+FASHION
187556,B08R8LQT8J,TABITORA,"Clothing, Shoes & Jewelry",72317,https://www.amazon.com/s?rh=n%3A3880961%2Cp_89%3ATABITORA
187698,B0861M98K6,Separatec,"Clothing, Shoes & Jewelry",73037,https://www.amazon.com/s?rh=n%3A3880961%2Cp_89%3ASeparatec
187621,B071NHRPQ1,MeliMe,"Clothing, Shoes & Jewelry",73069,https://www.amazon.com/s?rh=n%3A3880961%2Cp_89%3AMeliMe
187551,B08QM93V9X,Arshiner,"Clothing, Shoes & Jewelry",73115,https://www.amazon.com/s?rh=n%3A3880961%2Cp_89%3AArshiner
187563,B08TR8WHWV,GUBERRY,"Clothing, Shoes & Jewelry",74123,https://www.amazon.com/s?rh=n%3A3880961%2Cp_89%3AGUBERRY
187757,B079FW2XCT,Hanes Ultimate,"Clothing, Shoes & Jewelry,Men,Clothing,Underwear,Undershirts",75038,https://www.amazon.com/s?rh=n%3A3880961%2Cp_89%3AHanes+Ultimate
187557,B0776H1XNN,Colorful Star,"Clothing, Shoes & Jewelry",75367,https://www.amazon.com/s?rh=n%3A3880961%2Cp_89%3AColorful+Star
187763,B0796NFLDZ,LH LIHI BAG,"Clothing, Shoes & Jewelry,Luggage & Travel Gear,Gym Bags,Drawstring Bags",75535,https://www.amazon.com/s?rh=n%3A3880961%2Cp_89%3ALH+LIHI+BAG
187697,B07QMPQ56F,Daupanzees,"Clothing, Shoes & Jewelry",75610,https://www.amazon.com/s?rh=n%3A3880961%2Cp_89%3ADaupanzees
187869,B01N6DHURC,Kosher Casual,"Clothing, Shoes & Jewelry,Women,Clothing,Tops, Tees & Blouses,T-Shirts",75630,https://www.amazon.com/s?rh=n%3A3880961%2Cp_89%3AKosher+Casual
187842,B077PFJCC1,TeeHee Socks,"Clothing, Shoes & Jewelry,Women,Clothing,Socks & Hosiery,Casual Socks",76649,https://www.amazon.com/s?rh=n%3A3880961%2Cp_89%3ATeeHee+Socks
187689,B08ZY3Y5WB,LAISHEN,"Clothing, Shoes & Jewelry",77589,https://www.amazon.com/s?rh=n%3A3880961%2Cp_89%3ALAISHEN
12,B07D7QN8P7,Blundstone,"Clothing, Shoes & Jewelry",78088,https://www.amazon.com/s?rh=n%3A3880961%2Cp_89%3ABlundstone
187531,B08Z3YNBPT,TANBAK,"Clothing, Shoes & Jewelry",79528,https://www.amazon.com/s?rh=n%3A3880961%2Cp_89%3ATANBAK
187853,B08KDFDD8F,Shawhuwa,"Clothing, Shoes & Jewelry,Women,Petite,Fashion Hoodies & Sweatshirts,Fashion Sweatshirts",79569,https://www.amazon.com/s?rh=n%3A3880961%2Cp_89%3AShawhuwa
187535,B093C1KNHH,AIR Cosplay,"Clothing, Shoes & Jewelry",79775,https://www.amazon.com/s?rh=n%3A3880961%2Cp_89%3AAIR+Cosplay
187560,B08VMP6PTD,SOBOWO,"Clothing, Shoes & Jewelry",79943,https://www.amazon.com/s?rh=n%3A3880961%2Cp_89%3ASOBOWO
187663,B085HNK6H4,QZH.DUAO,"Clothing, Shoes & Jewelry",80001,https://www.amazon.com/s?rh=n%3A3880961%2Cp_89%3AQZH.DUAO
59,B0018N0HL0,SEIKO,"Clothing, Shoes & Jewelry",80335,https://www.amazon.com/s?rh=n%3A3880961%2Cp_89%3ASEIKO
187817,B08LVWHZ2L,Lesimsam,"Clothing, Shoes & Jewelry,Women,Clothing,Lingerie, Sleep & Lounge,Sleep & Lounge,Robes",81179,https://www.amazon.com/s?rh=n%3A3880961%2Cp_89%3ALesimsam
62,B00821JNVQ,DuPont,"Clothing, Shoes & Jewelry",82309,https://www.amazon.com/s?rh=n%3A3880961%2Cp_89%3ADuPont
187827,B08HN4VT2P,FEISEDY,"Clothing, Shoes & Jewelry,Women,Accessories,Sunglasses & Eyewear Accessories,Eyewear Frames",82320,https://www.amazon.com/s?rh=n%3A3880961%2Cp_89%3AFEISEDY
187807,B00CX4IOWC,Polo Ralph Lauren,"Clothing, Shoes & Jewelry,Men,Clothing,Active,Athletic Socks",82538,https://www.amazon.com/s?rh=n%3A3880961%2Cp_89%3APolo+Ralph+Lauren
187871,B08Q3GSKHR,PUMA,"Clothing, Shoes & Jewelry,Women,Clothing,Active,Active Shirts & Tees",86696,https://www.amazon.com/s?rh=n%3A3880961%2Cp_89%3APUMA
187781,B08LK3Q8WZ,Tulucky,"Clothing, Shoes & Jewelry,Women,Clothing,Skirts",86784,https://www.amazon.com/s?rh=n%3A3880961%2Cp_89%3ATulucky
187566,B08DLK9PB4,Shuwekk,"Clothing, Shoes & Jewelry",86995,https://www.amazon.com/s?rh=n%3A3880961%2Cp_89%3AShuwekk
415,B07KJV6858,Sorel,"Clothing, Shoes & Jewelry,Women,Shoes,Outdoor,Snow Boots",87282,https://www.amazon.com/s?rh=n%3A3880961%2Cp_89%3ASorel
187823,B07FNSXDM7,ULTRAIDEAS,"Clothing, Shoes & Jewelry,Women,Shoes,Slippers",88004,https://www.amazon.com/s?rh=n%3A3880961%2Cp_89%3AULTRAIDEAS
187891,B08DTV1ZMS,Hoperay,"Clothing, Shoes & Jewelry,Women,Clothing,Swimsuits & Cover Ups,Cover-Ups",88419,https://www.amazon.com/s?rh=n%3A3880961%2Cp_89%3AHoperay
187770,B000JLO38A,Rubie's,"Clothing, Shoes & Jewelry,Costumes & Accessories,Women,Accessories,Headwear",88739,https://www.amazon.com/s?rh=n%3A3880961%2Cp_89%3ARubie's
187804,B01E6C3VK8,Epoch,"Clothing, Shoes & Jewelry,Men,Accessories,Hats & Caps,Fedoras",89309,https://www.amazon.com/s?rh=n%3A3880961%2Cp_89%3AEpoch
187703,B01MU7PKAX,BATMAN,"Clothing, Shoes & Jewelry",90687,https://www.amazon.com/s?rh=n%3A3880961%2Cp_89%3ABATMAN
253,B075WYDFLQ,LANDA JEWEL,"Clothing, Shoes & Jewelry",91130,https://www.amazon.com/s?rh=n%3A3880961%2Cp_89%3ALANDA+JEWEL
187632,B015HWEMBI,Maxine Of Hollywood,"Clothing, Shoes & Jewelry",91551,https://www.amazon.com/s?rh=n%3A3880961%2Cp_89%3AMaxine+Of+Hollywood
394,B07MY953WG,Merrell,"Clothing, Shoes & Jewelry,Men,Shoes,Outdoor,Hiking & Trekking,Hiking Boots",91919,https://www.amazon.com/s?rh=n%3A3880961%2Cp_89%3AMerrell
187800,B07HKVTBJB,Fomolom,"Clothing, Shoes & Jewelry,Women,Clothing,Sweaters,Pullovers",92297,https://www.amazon.com/s?rh=n%3A3880961%2Cp_89%3AFomolom
187717,B01D1GDITY,Lucky Line,"Clothing, Shoes & Jewelry",93402,https://www.amazon.com/s?rh=n%3A3880961%2Cp_89%3ALucky+Line
235,B01N9RYJP9,Muck Boot,"Clothing, Shoes & Jewelry",93432,https://www.amazon.com/s?rh=n%3A3880961%2Cp_89%3AMuck+Boot
187725,B07B4WNHLR,Danzcue,"Clothing, Shoes & Jewelry",95807,https://www.amazon.com/s?rh=n%3A3880961%2Cp_89%3ADanzcue
187860,B08DY8J7WS,LAPASA,"Clothing, Shoes & Jewelry,Men,Clothing,Underwear,Boxer Briefs",96379,https://www.amazon.com/s?rh=n%3A3880961%2Cp_89%3ALAPASA
337,B07SLD63BP,High Sierra,"Clothing, Shoes & Jewelry,Luggage & Travel Gear,Travel Duffels",96742,https://www.amazon.com/s?rh=n%3A3880961%2Cp_89%3AHigh+Sierra
187607,B0796V6NNR,DEZZAL,"Clothing, Shoes & Jewelry",97671,https://www.amazon.com/s?rh=n%3A3880961%2Cp_89%3ADEZZAL
162,B01MYDT39E,ARIAT,"Clothing, Shoes & Jewelry",97888,https://www.amazon.com/s?rh=n%3A3880961%2Cp_89%3AARIAT
187752,B08JPZ94FB,Gerber,"Clothing, Shoes & Jewelry",98671,https://www.amazon.com/s?rh=n%3A3880961%2Cp_89%3AGerber
17,B07JP598Z5,SwissGear,"Clothing, Shoes & Jewelry",99161,https://www.amazon.com/s?rh=n%3A3880961%2Cp_89%3ASwissGear
187702,B07NZ2FWYZ,Santa Cruz,"Clothing, Shoes & Jewelry",100213,https://www.amazon.com/s?rh=n%3A3880961%2Cp_89%3ASanta+Cruz
60,B07H41G4WV,Diesel,"Clothing, Shoes & Jewelry",100340,https://www.amazon.com/s?rh=n%3A3880961%2Cp_89%3ADiesel
187735,B07LF5LBZZ,Sllaiss,"Clothing, Shoes & Jewelry",101054,https://www.amazon.com/s?rh=n%3A3880961%2Cp_89%3ASllaiss
187816,B08P4F41RR,Coolmee,"Clothing, Shoes & Jewelry,Women,Maternity,Nursing,Dresses",101974,https://www.amazon.com/s?rh=n%3A3880961%2Cp_89%3ACoolmee
187812,B00SJT4N8O,Star Vixen,"Clothing, Shoes & Jewelry,Women,Plus-Size,Skirts",102096,https://www.amazon.com/s?rh=n%3A3880961%2Cp_89%3AStar+Vixen
187859,B01N80PQAS,Jefferies Socks,"Clothing, Shoes & Jewelry",104441,https://www.amazon.com/s?rh=n%3A3880961%2Cp_89%3AJefferies+Socks
187839,B07PGMFZX9,Blibea,"Clothing, Shoes & Jewelry,Women,Clothing,Swimsuits & Cover Ups,Bikinis,Sets",104834,https://www.amazon.com/s?rh=n%3A3880961%2Cp_89%3ABlibea
388,B07TLZ6DYB,adidas outdoor,"Clothing, Shoes & Jewelry,Women,Shoes,Outdoor,Hiking & Trekking,Hiking Shoes",105225,https://www.amazon.com/s?rh=n%3A3880961%2Cp_89%3Aadidas+outdoor
187502,B08JM5Q2WC,GANAYAN,"Clothing, Shoes & Jewelry",107593,https://www.amazon.com/s?rh=n%3A3880961%2Cp_89%3AGANAYAN
332,B08B1LS37W,100%,"Clothing, Shoes & Jewelry,Men,Accessories,Sunglasses & Eyewear Accessories,Sunglasses",108681,https://www.amazon.com/s?rh=n%3A3880961%2Cp_89%3A100%
145,B078ZL474V,Dr. Martens,"Clothing, Shoes & Jewelry",110792,https://www.amazon.com/s?rh=n%3A3880961%2Cp_89%3ADr.+Martens
187577,B07Y511SJQ,DL,"Clothing, Shoes & Jewelry",112495,https://www.amazon.com/s?rh=n%3A3880961%2Cp_89%3ADL
55,B07HNDDBBZ,Versace,"Clothing, Shoes & Jewelry",114848,https://www.amazon.com/s?rh=n%3A3880961%2Cp_89%3AVersace
187764,B016RTHTMY,HANERDUN,"Clothing, Shoes & Jewelry,Women,Accessories,Scarves & Wraps,Wraps & Pashminas",116244,https://www.amazon.com/s?rh=n%3A3880961%2Cp_89%3AHANERDUN
187630,B077L8D58L,Premier Kites,"Clothing, Shoes & Jewelry",116426,https://www.amazon.com/s?rh=n%3A3880961%2Cp_89%3APremier+Kites
187788,B0199O7YK6,Everest,"Clothing, Shoes & Jewelry,Luggage & Travel Gear,Travel Duffels",118715,https://www.amazon.com/s?rh=n%3A3880961%2Cp_89%3AEverest
187687,B078X2PWRV,Andrew Scott,"Clothing, Shoes & Jewelry",119396,https://www.amazon.com/s?rh=n%3A3880961%2Cp_89%3AAndrew+Scott
119,B07MXRQC1J,adidas Originals,"Clothing, Shoes & Jewelry",119666,https://www.amazon.com/s?rh=n%3A3880961%2Cp_89%3Aadidas+Originals
187534,B08B3FKVH2,Newland,"Clothing, Shoes & Jewelry",121272,https://www.amazon.com/s?rh=n%3A3880961%2Cp_89%3ANewland
187503,B0915KVL45,Arnodefrance,"Clothing, Shoes & Jewelry",121377,https://www.amazon.com/s?rh=n%3A3880961%2Cp_89%3AArnodefrance
187824,B07MXT9WN6,GRACIN,"Clothing, Shoes & Jewelry,Women,Clothing,Swimsuits & Cover Ups,Cover-Ups",122448,https://www.amazon.com/s?rh=n%3A3880961%2Cp_89%3AGRACIN
187608,B08Z7K25CM,HEART WOLF,"Clothing, Shoes & Jewelry",123014,https://www.amazon.com/s?rh=n%3A3880961%2Cp_89%3AHEART+WOLF
248,B07X5DRWND,HUDSON,"Clothing, Shoes & Jewelry",123216,https://www.amazon.com/s?rh=n%3A3880961%2Cp_89%3AHUDSON
345,B08N719CF3,DELSEY Paris,"Clothing, Shoes & Jewelry,Luggage & Travel Gear,Luggage,Suitcases",123295,https://www.amazon.com/s?rh=n%3A3880961%2Cp_89%3ADELSEY+Paris
187658,B08RDP8HL8,Good Luck Sock,"Clothing, Shoes & Jewelry",124206,https://www.amazon.com/s?rh=n%3A3880961%2Cp_89%3AGood+Luck+Sock
187706,B07PSC49KH,Led Zeppelin,"Clothing, Shoes & Jewelry",125296,https://www.amazon.com/s?rh=n%3A3880961%2Cp_89%3ALed+Zeppelin
187716,B078J4M2W7,Herschel,"Clothing, Shoes & Jewelry",125411,https://www.amazon.com/s?rh=n%3A3880961%2Cp_89%3AHerschel
187606,B08CFRD9W6,Crocs,"Clothing, Shoes & Jewelry",126172,https://www.amazon.com/s?rh=n%3A3880961%2Cp_89%3ACrocs
187516,B07VK257FQ,yolsun,"Clothing, Shoes & Jewelry",126603,https://www.amazon.com/s?rh=n%3A3880961%2Cp_89%3Ayolsun
64,B00F30OHI8,Samsonite,"Clothing, Shoes & Jewelry",126633,https://www.amazon.com/s?rh=n%3A3880961%2Cp_89%3ASamsonite
187645,B00SJPCTWU,Disguise,"Clothing, Shoes & Jewelry",127179,https://www.amazon.com/s?rh=n%3A3880961%2Cp_89%3ADisguise
340,B07L9HZPR8,Dexter,"Clothing, Shoes & Jewelry,Men,Shoes,Athletic,Bowling",128152,https://www.amazon.com/s?rh=n%3A3880961%2Cp_89%3ADexter
187613,B0846LNLF1,Travelon,"Clothing, Shoes & Jewelry",129999,https://www.amazon.com/s?rh=n%3A3880961%2Cp_89%3ATravelon
187544,B07HNM7653,XIPAI,"Clothing, Shoes & Jewelry",134031,https://www.amazon.com/s?rh=n%3A3880961%2Cp_89%3AXIPAI
187708,B01DWPHBOC,Wonder Woman,"Clothing, Shoes & Jewelry",134734,https://www.amazon.com/s?rh=n%3A3880961%2Cp_89%3AWonder+Woman
187528,B00WRMNXGC,California Costumes,"Clothing, Shoes & Jewelry",135741,https://www.amazon.com/s?rh=n%3A3880961%2Cp_89%3ACalifornia+Costumes
187893,B087M1VHYS,LONAGO,"Clothing, Shoes & Jewelry,Women,Jewelry,Necklaces,Pendant Necklaces",136302,https://www.amazon.com/s?rh=n%3A3880961%2Cp_89%3ALONAGO
150,B000MKKSBY,NAOT,"Clothing, Shoes & Jewelry",137120,https://www.amazon.com/s?rh=n%3A3880961%2Cp_89%3ANAOT
187690,B08X4D9385,Arwser,"Clothing, Shoes & Jewelry",139477,https://www.amazon.com/s?rh=n%3A3880961%2Cp_89%3AArwser
381,B01LWPYS7J,eagle creek,"Clothing, Shoes & Jewelry,Luggage & Travel Gear,Luggage,Carry-Ons",139497,https://www.amazon.com/s?rh=n%3A3880961%2Cp_89%3Aeagle+creek
187771,B07PB4TJSF,Verona Jewelers,"Clothing, Shoes & Jewelry,Women,Jewelry,Necklaces,Chains",139775,https://www.amazon.com/s?rh=n%3A3880961%2Cp_89%3AVerona+Jewelers
187588,B0837NPGJF,WILLBOND,"Clothing, Shoes & Jewelry",141688,https://www.amazon.com/s?rh=n%3A3880961%2Cp_89%3AWILLBOND
239,B0126HWAVG,SCARPA,"Clothing, Shoes & Jewelry",142568,https://www.amazon.com/s?rh=n%3A3880961%2Cp_89%3ASCARPA
187691,B07D2MB77G,Lokai,"Clothing, Shoes & Jewelry",143160,https://www.amazon.com/s?rh=n%3A3880961%2Cp_89%3ALokai
187768,B075ZZYKFD,Rothco,"Clothing, Shoes & Jewelry,Men,Uniforms, Work & Safety,Clothing,Military,Tops",145208,https://www.amazon.com/s?rh=n%3A3880961%2Cp_89%3ARothco
181,B0040AAB8M,Laredo,"Clothing, Shoes & Jewelry",146042,https://www.amazon.com/s?rh=n%3A3880961%2Cp_89%3ALaredo
187710,B07K2GZMN3,BarbedRose,"Clothing, Shoes & Jewelry",146550,https://www.amazon.com/s?rh=n%3A3880961%2Cp_89%3ABarbedRose
187676,B000EXPYJA,The Mountain,"Clothing, Shoes & Jewelry",147059,https://www.amazon.com/s?rh=n%3A3880961%2Cp_89%3AThe+Mountain
35,B0012F6OI4,Georgia Boot,"Clothing, Shoes & Jewelry",149019,https://www.amazon.com/s?rh=n%3A3880961%2Cp_89%3AGeorgia+Boot
124,B01LWJLP0Z,7 For All Mankind,"Clothing, Shoes & Jewelry",149654,https://www.amazon.com/s?rh=n%3A3880961%2Cp_89%3A7+For+All+Mankind
187541,B08M3Q17VG,RMREWY,"Clothing, Shoes & Jewelry",149674,https://www.amazon.com/s?rh=n%3A3880961%2Cp_89%3ARMREWY
187543,1943735476,Blythe Baird,"Clothing, Shoes & Jewelry",151067,https://www.amazon.com/s?rh=n%3A3880961%2Cp_89%3ABlythe+Baird
255,B07P97KNQ7,LONDON FOG,"Clothing, Shoes & Jewelry",151976,https://www.amazon.com/s?rh=n%3A3880961%2Cp_89%3ALONDON+FOG
187591,B0741QWHDJ,TETHER,"Clothing, Shoes & Jewelry",153848,https://www.amazon.com/s?rh=n%3A3880961%2Cp_89%3ATETHER
187652,B074BTKMTG,Star Flower,"Clothing, Shoes & Jewelry",154193,https://www.amazon.com/s?rh=n%3A3880961%2Cp_89%3AStar+Flower
187838,B08RXVLFY2,HOLOVE,"Clothing, Shoes & Jewelry,Women,Clothing,Lingerie, Sleep & Lounge,Sleep & Lounge,Robes",154263,https://www.amazon.com/s?rh=n%3A3880961%2Cp_89%3AHOLOVE
417,B07XVCTJMW,Skagen,"Clothing, Shoes & Jewelry,Men,Watches,Wrist Watches",155333,https://www.amazon.com/s?rh=n%3A3880961%2Cp_89%3ASkagen
169,B07RG12WD9,HARLEY-DAVIDSON FOOTWEAR,"Clothing, Shoes & Jewelry",161295,https://www.amazon.com/s?rh=n%3A3880961%2Cp_89%3AHARLEY-DAVIDSON+FOOTWEAR
112,B07WNC2NCN,Dunham,"Clothing, Shoes & Jewelry",162359,https://www.amazon.com/s?rh=n%3A3880961%2Cp_89%3ADunham
187539,B078J2LS1X,Outdoor Cap,"Clothing, Shoes & Jewelry",163534,https://www.amazon.com/s?rh=n%3A3880961%2Cp_89%3AOutdoor+Cap
251,B00WA7CCIO,Propper,"Clothing, Shoes & Jewelry",163668,https://www.amazon.com/s?rh=n%3A3880961%2Cp_89%3APropper
393,B00FXW6RSE,Amazon Collection,"Clothing, Shoes & Jewelry,Women,Jewelry,Necklaces",165062,https://www.amazon.com/s?rh=n%3A3880961%2Cp_89%3AAmazon+Collection
187722,B08MJTCRLG,Fstrend,"Clothing, Shoes & Jewelry",167774,https://www.amazon.com/s?rh=n%3A3880961%2Cp_89%3AFstrend
187746,B08RDDFCNY,Annystore,"Clothing, Shoes & Jewelry",170234,https://www.amazon.com/s?rh=n%3A3880961%2Cp_89%3AAnnystore
151,B084Q7KN6K,ASICS,"Clothing, Shoes & Jewelry",171087,https://www.amazon.com/s?rh=n%3A3880961%2Cp_89%3AASICS
187672,B092HY4GCD,ZSWDXX,"Clothing, Shoes & Jewelry",173466,https://www.amazon.com/s?rh=n%3A3880961%2Cp_89%3AZSWDXX
187714,B01IB76EHG,Yaktrax,"Clothing, Shoes & Jewelry",174354,https://www.amazon.com/s?rh=n%3A3880961%2Cp_89%3AYaktrax
187581,B007DJ2YDM,Global,"Clothing, Shoes & Jewelry",174754,https://www.amazon.com/s?rh=n%3A3880961%2Cp_89%3AGlobal
116,B00OKDTD4W,Converse,"Clothing, Shoes & Jewelry",175636,https://www.amazon.com/s?rh=n%3A3880961%2Cp_89%3AConverse
5,B07MHFGCW5,Jessica Simpson,"Clothing, Shoes & Jewelry",175797,https://www.amazon.com/s?rh=n%3A3880961%2Cp_89%3AJessica+Simpson
187750,B00PD4A60M,Mountain Made,"Clothing, Shoes & Jewelry",176169,https://www.amazon.com/s?rh=n%3A3880961%2Cp_89%3AMountain+Made
102,B019D4IJGA,All Patron Saints,"Clothing, Shoes & Jewelry",176280,https://www.amazon.com/s?rh=n%3A3880961%2Cp_89%3AAll+Patron+Saints
187521,B014A6N1FA,QUEENY,"Clothing, Shoes & Jewelry",178981,https://www.amazon.com/s?rh=n%3A3880961%2Cp_89%3AQUEENY
187513,B07RGPSWFS,SOLINFOR,"Clothing, Shoes & Jewelry",184129,https://www.amazon.com/s?rh=n%3A3880961%2Cp_89%3ASOLINFOR
187602,B08VWY3ZN5,Acaine,"Clothing, Shoes & Jewelry",187131,https://www.amazon.com/s?rh=n%3A3880961%2Cp_89%3AAcaine
187888,B07DLDCVHS,Teva,"Clothing, Shoes & Jewelry,Girls,Shoes,Sandals",187951,https://www.amazon.com/s?rh=n%3A3880961%2Cp_89%3ATeva
187793,B07H3W7Z2K,Robeez,"Clothing, Shoes & Jewelry,Baby",189528,https://www.amazon.com/s?rh=n%3A3880961%2Cp_89%3ARobeez
187677,B01DXGSX7E,Casualbox,"Clothing, Shoes & Jewelry",193555,https://www.amazon.com/s?rh=n%3A3880961%2Cp_89%3ACasualbox
424,B00E54GS3U,ROPER,"Clothing, Shoes & Jewelry,Women,Shoes,Boots,Mid-Calf",195995,https://www.amazon.com/s?rh=n%3A3880961%2Cp_89%3AROPER
76,B0002SA43S,Bestop,"Clothing, Shoes & Jewelry",201791,https://www.amazon.com/s?rh=n%3A3880961%2Cp_89%3ABestop
187778,B07QVNFGJC,WITHMOONS,"Clothing, Shoes & Jewelry,Women,Accessories,Hats & Caps,Berets",202521,https://www.amazon.com/s?rh=n%3A3880961%2Cp_89%3AWITHMOONS
187889,B07SXDLMXY,STAR WARS,"Clothing, Shoes & Jewelry,Novelty & More,Clothing,Novelty,Men,Shirts,T-Shirts",205542,https://www.amazon.com/s?rh=n%3A3880961%2Cp_89%3ASTAR+WARS
187776,B092QTHK5T,Masha and the Bear,"Clothing, Shoes & Jewelry,Luggage & Travel Gear,Backpacks,Kids' Backpacks",205883,https://www.amazon.com/s?rh=n%3A3880961%2Cp_89%3AMasha+and+the+Bear
187818,B08F3XR7HJ,DH,"Clothing, Shoes & Jewelry,Costumes & Accessories,Kids & Baby,Girls,Costumes",213361,https://www.amazon.com/s?rh=n%3A3880961%2Cp_89%3ADH
77,B005FMYWZW,Invicta,"Clothing, Shoes & Jewelry,Men,Watches,Wrist Watches",214028,https://www.amazon.com/s?rh=n%3A3880961%2Cp_89%3AInvicta
244,B00EKV8O5S,Fjallraven,"Clothing, Shoes & Jewelry",214047,https://www.amazon.com/s?rh=n%3A3880961%2Cp_89%3AFjallraven
187514,B07VY1CP9M,Lynkaye,"Clothing, Shoes & Jewelry",214074,https://www.amazon.com/s?rh=n%3A3880961%2Cp_89%3ALynkaye
187594,B08V84RCL2,Simply Southern,"Clothing, Shoes & Jewelry",214651,https://www.amazon.com/s?rh=n%3A3880961%2Cp_89%3ASimply+Southern
79,B07FWDRQKR,Longchamp,"Clothing, Shoes & Jewelry",218107,https://www.amazon.com/s?rh=n%3A3880961%2Cp_89%3ALongchamp
187883,B07F7ZJNZH,Utyful,"Clothing, Shoes & Jewelry,Novelty & More,Clothing,Novelty,Women,Swimwear",218975,https://www.amazon.com/s?rh=n%3A3880961%2Cp_89%3AUtyful
187578,B084L1SFYB,FF,"Clothing, Shoes & Jewelry",219618,https://www.amazon.com/s?rh=n%3A3880961%2Cp_89%3AFF
376,B07Z5Q92XC,Dress the Population,"Clothing, Shoes & Jewelry,Women,Clothing,Dresses",220002,https://www.amazon.com/s?rh=n%3A3880961%2Cp_89%3ADress+the+Population
217,B00LU7MID4,Helly-Hansen,"Clothing, Shoes & Jewelry",220297,https://www.amazon.com/s?rh=n%3A3880961%2Cp_89%3AHelly-Hansen
187844,B08Z64YKT5,Olivia Miller,"Clothing, Shoes & Jewelry,Women,Shoes,Sandals,Flip-Flops",221238,https://www.amazon.com/s?rh=n%3A3880961%2Cp_89%3AOlivia+Miller
187850,B08R5RJ955,Tommy Hilfiger,"Clothing, Shoes & Jewelry,Men,Accessories,Hats & Caps,Baseball Caps",221419,https://www.amazon.com/s?rh=n%3A3880961%2Cp_89%3ATommy+Hilfiger
146,B08P9GZD11,Magic Suit,"Clothing, Shoes & Jewelry",223220,https://www.amazon.com/s?rh=n%3A3880961%2Cp_89%3AMagic+Suit
187831,B0734BWZH7,Serenity is Forever,"Clothing, Shoes & Jewelry,Women,Jewelry,Necklaces",224795,https://www.amazon.com/s?rh=n%3A3880961%2Cp_89%3ASerenity+is+Forever
223,B07R42Y57F,Rocky,"Clothing, Shoes & Jewelry",226178,https://www.amazon.com/s?rh=n%3A3880961%2Cp_89%3ARocky
137,B08HZ1QLZZ,Newton Running,"Clothing, Shoes & Jewelry",228735,https://www.amazon.com/s?rh=n%3A3880961%2Cp_89%3ANewton+Running
187526,B076HVQXJQ,Bakerdani,"Clothing, Shoes & Jewelry",230458,https://www.amazon.com/s?rh=n%3A3880961%2Cp_89%3ABakerdani
187841,B093YQ8N5Q,EAGLES Official,"Clothing, Shoes & Jewelry,Novelty & More,Clothing,Novelty,Women,Tops & Tees,T-Shirts",234171,https://www.amazon.com/s?rh=n%3A3880961%2Cp_89%3AEAGLES+Official
234,B01AY6C86I,UGG,"Clothing, Shoes & Jewelry",237556,https://www.amazon.com/s?rh=n%3A3880961%2Cp_89%3AUGG
249,B08G6HVQ6H,Maaji,"Clothing, Shoes & Jewelry",246451,https://www.amazon.com/s?rh=n%3A3880961%2Cp_89%3AMaaji
187572,B08CB8X9DM,WWE,"Clothing, Shoes & Jewelry",247838,https://www.amazon.com/s?rh=n%3A3880961%2Cp_89%3AWWE
358,B07W8BN312,Danner,"Clothing, Shoes & Jewelry,Men,Shoes",248349,https://www.amazon.com/s?rh=n%3A3880961%2Cp_89%3ADanner
187620,B00MNUX1IS,Hold-Up Suspender Co.,"Clothing, Shoes & Jewelry",248363,https://www.amazon.com/s?rh=n%3A3880961%2Cp_89%3AHold-Up+Suspender+Co.
187670,B00ZBAEEQU,Fiesta Toys,"Clothing, Shoes & Jewelry",251422,https://www.amazon.com/s?rh=n%3A3880961%2Cp_89%3AFiesta+Toys
156,B01N3360TP,Dolce %26 Gabbana,"Clothing, Shoes & Jewelry",255455,https://www.amazon.com/s?rh=n%3A3880961%2Cp_89%3ADolce+%26+Gabbana
187683,B07637HHZB,ZowBinBin,"Clothing, Shoes & Jewelry",256184,https://www.amazon.com/s?rh=n%3A3880961%2Cp_89%3AZowBinBin
187729,B084RB74GD,Beyove,"Clothing, Shoes & Jewelry",257463,https://www.amazon.com/s?rh=n%3A3880961%2Cp_89%3ABeyove
353,B078NBR43Y,Citizen,"Clothing, Shoes & Jewelry,Women,Watches,Wrist Watches",258925,https://www.amazon.com/s?rh=n%3A3880961%2Cp_89%3ACitizen
187665,B083LVYBKW,iKingsky,"Clothing, Shoes & Jewelry",265211,https://www.amazon.com/s?rh=n%3A3880961%2Cp_89%3AiKingsky
326,B08CVR3KTW,Jordan,"Clothing, Shoes & Jewelry,Men,Shoes,Athletic,Team Sports,Basketball",267214,https://www.amazon.com/s?rh=n%3A3880961%2Cp_89%3AJordan
209,B081R6LXWY,Saucony,"Clothing, Shoes & Jewelry",272715,https://www.amazon.com/s?rh=n%3A3880961%2Cp_89%3ASaucony
198,B06XKRSF5C,NYDJ,"Clothing, Shoes & Jewelry",276624,https://www.amazon.com/s?rh=n%3A3880961%2Cp_89%3ANYDJ
187639,B00X0NWMXM,MICOM,"Clothing, Shoes & Jewelry",283311,https://www.amazon.com/s?rh=n%3A3880961%2Cp_89%3AMICOM
187712,B07G37L6GS,TOMORI,"Clothing, Shoes & Jewelry",288773,https://www.amazon.com/s?rh=n%3A3880961%2Cp_89%3ATOMORI
136,B07Y2WD6MD,TOPGRILLZ,"Clothing, Shoes & Jewelry",289258,https://www.amazon.com/s?rh=n%3A3880961%2Cp_89%3ATOPGRILLZ
164,B07G9R66Q7,Kobelle,"Clothing, Shoes & Jewelry",289348,https://www.amazon.com/s?rh=n%3A3880961%2Cp_89%3AKobelle
161,B016QQK0YC,Grundns,"Clothing, Shoes & Jewelry",290442,https://www.amazon.com/s?rh=n%3A3880961%2Cp_89%3AGrundns
187537,B01J6BUWZ6,My Saint My Hero,"Clothing, Shoes & Jewelry",290780,https://www.amazon.com/s?rh=n%3A3880961%2Cp_89%3AMy+Saint+My+Hero
392,B06WRSNGSY,Michael Michael Kors,"Clothing, Shoes & Jewelry,Women,Handbags & Wallets,Wristlets",292763,https://www.amazon.com/s?rh=n%3A3880961%2Cp_89%3AMichael+Michael+Kors
187548,B08FQWF7J8,SLLSKY,"Clothing, Shoes & Jewelry",295159,https://www.amazon.com/s?rh=n%3A3880961%2Cp_89%3ASLLSKY
187584,B08GCTGH9D,Bioworld,"Clothing, Shoes & Jewelry",300010,https://www.amazon.com/s?rh=n%3A3880961%2Cp_89%3ABioworld
365,B08TVMC9TY,Carhartt,"Clothing, Shoes & Jewelry",303967,https://www.amazon.com/s?rh=n%3A3880961%2Cp_89%3ACarhartt
105,B004AYMM4O,GM Fine Jewelry Collection,"Clothing, Shoes & Jewelry",304450,https://www.amazon.com/s?rh=n%3A3880961%2Cp_89%3AGM+Fine+Jewelry+Collection
187721,B076BHWHVZ,ZAKIA,"Clothing, Shoes & Jewelry",305605,https://www.amazon.com/s?rh=n%3A3880961%2Cp_89%3AZAKIA
343,B08MPVGSH4,Kate Spade New York,"Clothing, Shoes & Jewelry,Women,Handbags & Wallets,Satchels",307296,https://www.amazon.com/s?rh=n%3A3880961%2Cp_89%3AKate+Spade+New+York
187846,B01N8S3MXR,Quan Jewelry,"Clothing, Shoes & Jewelry,Women,Jewelry,Necklaces,Pendant Necklaces",312668,https://www.amazon.com/s?rh=n%3A3880961%2Cp_89%3AQuan+Jewelry
319,B083W1CRRG,Mary Frances,"Clothing, Shoes & Jewelry,Women,Handbags & Wallets,Crossbody Bags",316412,https://www.amazon.com/s?rh=n%3A3880961%2Cp_89%3AMary+Frances
187884,B07G94GN86,VIJIV,"Clothing, Shoes & Jewelry,Women,Accessories,Scarves & Wraps,Wraps & Pashminas",318017,https://www.amazon.com/s?rh=n%3A3880961%2Cp_89%3AVIJIV
187739,B01CJ7YES0,Forum Novelties,"Clothing, Shoes & Jewelry",318900,https://www.amazon.com/s?rh=n%3A3880961%2Cp_89%3AForum+Novelties
187863,B07CN6472H,Stance,"Clothing, Shoes & Jewelry,Men,Clothing,Socks,Casual Socks",320290,https://www.amazon.com/s?rh=n%3A3880961%2Cp_89%3AStance
187890,B08HJRH2WY,Kate Bissett,"Clothing, Shoes & Jewelry,Women,Jewelry,Earrings,Drop & Dangle",321607,https://www.amazon.com/s?rh=n%3A3880961%2Cp_89%3AKate+Bissett
187803,B004128RL2,Zagone Studios,"Clothing, Shoes & Jewelry,Costumes & Accessories,Women,Accessories",323910,https://www.amazon.com/s?rh=n%3A3880961%2Cp_89%3AZagone+Studios
187609,B092DNPH6G,Aurofyx,"Clothing, Shoes & Jewelry",324179,https://www.amazon.com/s?rh=n%3A3880961%2Cp_89%3AAurofyx
187628,B07MFWT1H2,Bsubseach,"Clothing, Shoes & Jewelry",326497,https://www.amazon.com/s?rh=n%3A3880961%2Cp_89%3ABsubseach
187549,B00DTH8QY8,Stephen Joseph,"Clothing, Shoes & Jewelry",335399,https://www.amazon.com/s?rh=n%3A3880961%2Cp_89%3AStephen+Joseph
399,B08LML9L4B,Salomon,"Clothing, Shoes & Jewelry,Women,Shoes,Athletic,Running,Trail Running",337414,https://www.amazon.com/s?rh=n%3A3880961%2Cp_89%3ASalomon
158,B01MXX68WJ,VISCATA Barcelona,"Clothing, Shoes & Jewelry",339625,https://www.amazon.com/s?rh=n%3A3880961%2Cp_89%3AVISCATA+Barcelona
416,B078YNHLQV,Dazzlingrock Collection,"Clothing, Shoes & Jewelry,Women,Jewelry,Pendants & Coins,Pendants Only",354000,https://www.amazon.com/s?rh=n%3A3880961%2Cp_89%3ADazzlingrock+Collection
429,B079RLSGH3,SAS,"Clothing, Shoes & Jewelry,Women,Shoes,Loafers & Slip-Ons",355239,https://www.amazon.com/s?rh=n%3A3880961%2Cp_89%3ASAS
140,B06ZY32NBG,BURBERRY,"Clothing, Shoes & Jewelry",361410,https://www.amazon.com/s?rh=n%3A3880961%2Cp_89%3ABURBERRY
187562,B085HB1PKF,BEKECH,"Clothing, Shoes & Jewelry",366794,https://www.amazon.com/s?rh=n%3A3880961%2Cp_89%3ABEKECH
187699,B0865XNB1N,Cuoka,"Clothing, Shoes & Jewelry",371104,https://www.amazon.com/s?rh=n%3A3880961%2Cp_89%3ACuoka
187627,B07NRYGH9V,Coolwife,"Clothing, Shoes & Jewelry",371618,https://www.amazon.com/s?rh=n%3A3880961%2Cp_89%3ACoolwife
187506,B07GDDML66,YYW,"Clothing, Shoes & Jewelry",374729,https://www.amazon.com/s?rh=n%3A3880961%2Cp_89%3AYYW
187786,B0786QJ9FX,COSOMALL,"Clothing, Shoes & Jewelry,Women,Clothing,Lingerie, Sleep & Lounge,Lingerie,Panties,Briefs",381835,https://www.amazon.com/s?rh=n%3A3880961%2Cp_89%3ACOSOMALL
187662,B00KY559V6,L.A. Imprints,"Clothing, Shoes & Jewelry",382754,https://www.amazon.com/s?rh=n%3A3880961%2Cp_89%3AL.A.+Imprints
7,B082X4S9KF,Miraclesuit,"Clothing, Shoes & Jewelry",400152,https://www.amazon.com/s?rh=n%3A3880961%2Cp_89%3AMiraclesuit
41,B08BDYGH44,The North Face,"Clothing, Shoes & Jewelry",404047,https://www.amazon.com/s?rh=n%3A3880961%2Cp_89%3AThe+North+Face
187787,B08ZN94HC2,Traci StoneN,"Clothing, Shoes & Jewelry,Women,Accessories,Hats & Caps,Balaclavas",418319,https://www.amazon.com/s?rh=n%3A3880961%2Cp_89%3ATraci+StoneN
10,B07XZL7NN2,Tory Burch,"Clothing, Shoes & Jewelry",423946,https://www.amazon.com/s?rh=n%3A3880961%2Cp_89%3ATory+Burch
330,B086B8XXDY,Gucci,"Clothing, Shoes & Jewelry,Men,Accessories,Sunglasses & Eyewear Accessories,Sunglasses",427668,https://www.amazon.com/s?rh=n%3A3880961%2Cp_89%3AGucci
187794,B0876P9H4V,MCdreamUSA,"Clothing, Shoes & Jewelry,Luggage & Travel Gear,Backpacks,Kids' Backpacks",427937,https://www.amazon.com/s?rh=n%3A3880961%2Cp_89%3AMCdreamUSA
187802,B07V5XTDZ8,MEDWISE,"Clothing, Shoes & Jewelry,Women,Jewelry,Bracelets,Link",439081,https://www.amazon.com/s?rh=n%3A3880961%2Cp_89%3AMEDWISE
220,B003YTJCG2,Jewelry Affairs,"Clothing, Shoes & Jewelry",448278,https://www.amazon.com/s?rh=n%3A3880961%2Cp_89%3AJewelry+Affairs
382,B00RF4KNM4,Banuce,"Clothing, Shoes & Jewelry,Luggage & Travel Gear,Briefcases",451864,https://www.amazon.com/s?rh=n%3A3880961%2Cp_89%3ABanuce
187723,B001M0MMYE,ExOfficio,"Clothing, Shoes & Jewelry",461748,https://www.amazon.com/s?rh=n%3A3880961%2Cp_89%3AExOfficio
187755,B00VTDWRGW,QIANSE,"Clothing, Shoes & Jewelry",477370,https://www.amazon.com/s?rh=n%3A3880961%2Cp_89%3AQIANSE
342,B07H28986X,PANDORA,"Clothing, Shoes & Jewelry,Women,Jewelry,Bracelets",496069,https://www.amazon.com/s?rh=n%3A3880961%2Cp_89%3APANDORA
187571,B01EDOWSHG,Spoil Cupid,"Clothing, Shoes & Jewelry",501294,https://www.amazon.com/s?rh=n%3A3880961%2Cp_89%3ASpoil+Cupid
378,B07HGKZR2Y,Ioka,"Clothing, Shoes & Jewelry,Women,Jewelry,Necklaces",503403,https://www.amazon.com/s?rh=n%3A3880961%2Cp_89%3AIoka
187767,B07WX7YFML,Utopz,"Clothing, Shoes & Jewelry,Shoe, Jewelry & Watch Accessories,Jewelry Accessories,Jewelry Boxes & Organizers,Jewelry Trays",507348,https://www.amazon.com/s?rh=n%3A3880961%2Cp_89%3AUtopz
187546,B005MCQCIU,amscan,"Clothing, Shoes & Jewelry",522587,https://www.amazon.com/s?rh=n%3A3880961%2Cp_89%3Aamscan
171,B07F8YGXZS,La Sportiva,"Clothing, Shoes & Jewelry",531883,https://www.amazon.com/s?rh=n%3A3880961%2Cp_89%3ALa+Sportiva
187866,B00IF3V21A,Solar Shield,"Clothing, Shoes & Jewelry,Men,Accessories,Sunglasses & Eyewear Accessories,Sunglasses",534874,https://www.amazon.com/s?rh=n%3A3880961%2Cp_89%3ASolar+Shield
242,B07HHBQZWF,Armor Venue,"Clothing, Shoes & Jewelry",539862,https://www.amazon.com/s?rh=n%3A3880961%2Cp_89%3AArmor+Venue
178,B0011K7WOU,Georgia,"Clothing, Shoes & Jewelry",545218,https://www.amazon.com/s?rh=n%3A3880961%2Cp_89%3AGeorgia
187616,B01BBG9V24,DAZCOS,"Clothing, Shoes & Jewelry",565121,https://www.amazon.com/s?rh=n%3A3880961%2Cp_89%3ADAZCOS
187798,B08CDMBVLV,Mooca,"Clothing, Shoes & Jewelry,Shoe, Jewelry & Watch Accessories,Jewelry Accessories,Jewelry Boxes & Organizers,Jewelry Boxes",586140,https://www.amazon.com/s?rh=n%3A3880961%2Cp_89%3AMooca
187527,B071HWRDYQ,HOMANDA,"Clothing, Shoes & Jewelry",600876,https://www.amazon.com/s?rh=n%3A3880961%2Cp_89%3AHOMANDA
106,B0896SSYB2,Savlano,"Clothing, Shoes & Jewelry",623356,https://www.amazon.com/s?rh=n%3A3880961%2Cp_89%3ASavlano
187598,B014IT4G94,K1 Race Gear,"Clothing, Shoes & Jewelry",638156,https://www.amazon.com/s?rh=n%3A3880961%2Cp_89%3AK1+Race+Gear
418,B07DS95ZQM,Kenneth Cole New York,"Clothing, Shoes & Jewelry,Women,Shoes,Pumps",646747,https://www.amazon.com/s?rh=n%3A3880961%2Cp_89%3AKenneth+Cole+New+York
211,B07DL58DVR,AFFY,"Clothing, Shoes & Jewelry",662519,https://www.amazon.com/s?rh=n%3A3880961%2Cp_89%3AAFFY
366,B012TOM174,Anna Anuschka,"Clothing, Shoes & Jewelry,Women,Handbags & Wallets,Shoulder Bags",666482,https://www.amazon.com/s?rh=n%3A3880961%2Cp_89%3AAnna+Anuschka
187604,B07MJ1SCVJ,OneSight,"Clothing, Shoes & Jewelry",670416,https://www.amazon.com/s?rh=n%3A3880961%2Cp_89%3AOneSight
134,B00A83XXPI,Costa Rican,"Clothing, Shoes & Jewelry",681028,https://www.amazon.com/s?rh=n%3A3880961%2Cp_89%3ACosta+Rican
187582,B08HLS35GD,Betykuku,"Clothing, Shoes & Jewelry",692331,https://www.amazon.com/s?rh=n%3A3880961%2Cp_89%3ABetykuku
187704,B0069W5ODQ,Tie Bar,"Clothing, Shoes & Jewelry",692495,https://www.amazon.com/s?rh=n%3A3880961%2Cp_89%3ATie+Bar
130,B08TG7SC13,PQ Swim,"Clothing, Shoes & Jewelry",701591,https://www.amazon.com/s?rh=n%3A3880961%2Cp_89%3APQ+Swim
338,B07NPSM5K1,Dolce & Gabbana,"Clothing, Shoes & Jewelry,Women,Accessories,Sunglasses & Eyewear Accessories,Sunglasses",701880,https://www.amazon.com/s?rh=n%3A3880961%2Cp_89%3ADolce+&+Gabbana
187684,B08TRFVRB9,FRSH MNT,"Clothing, Shoes & Jewelry",723257,https://www.amazon.com/s?rh=n%3A3880961%2Cp_89%3AFRSH+MNT
316,B00E1NZOE4,Harley-Davidson,"Clothing, Shoes & Jewelry,Women,Accessories,Sunglasses & Eyewear Accessories,Sunglasses",723516,https://www.amazon.com/s?rh=n%3A3880961%2Cp_89%3AHarley-Davidson
18,B088GS15H4,KRKC&CO KEEP REAL KEEP CHAMPION,"Clothing, Shoes & Jewelry",725699,https://www.amazon.com/s?rh=n%3A3880961%2Cp_89%3AKRKC&CO+KEEP+REAL+KEEP+CHAMPION
391,B00BQR87N8,JewelryWeb,"Clothing, Shoes & Jewelry,Women,Jewelry,Pendants & Coins",775919,https://www.amazon.com/s?rh=n%3A3880961%2Cp_89%3AJewelryWeb
139,B07VQCBTS4,AMZ Jewelry,"Clothing, Shoes & Jewelry",782869,https://www.amazon.com/s?rh=n%3A3880961%2Cp_89%3AAMZ+Jewelry
327,B084YYDFJ1,G-Shock,"Clothing, Shoes & Jewelry,Men,Watches,Wrist Watches",785212,https://www.amazon.com/s?rh=n%3A3880961%2Cp_89%3AG-Shock
413,B086KR65Q9,Dryshod,"Clothing, Shoes & Jewelry,Men,Shoes,Outdoor,Hiking & Trekking,Hiking Boots",787705,https://www.amazon.com/s?rh=n%3A3880961%2Cp_89%3ADryshod
431,B009AGH47C,Justin Original Work,"Clothing, Shoes & Jewelry,Men,Shoes,Boots,Work & Safety,Industrial & Construction Boots",791068,https://www.amazon.com/s?rh=n%3A3880961%2Cp_89%3AJustin+Original+Work
187868,B01E6RNV3A,EVER FAITH,"Clothing, Shoes & Jewelry,Women,Jewelry,Earrings,Drop & Dangle",794007,https://www.amazon.com/s?rh=n%3A3880961%2Cp_89%3AEVER+FAITH
123,B08DNN6ZSM,Frye,"Clothing, Shoes & Jewelry",812927,https://www.amazon.com/s?rh=n%3A3880961%2Cp_89%3AFrye
27,B08QYJ7K78,Rebecca Minkoff,"Clothing, Shoes & Jewelry",814166,https://www.amazon.com/s?rh=n%3A3880961%2Cp_89%3ARebecca+Minkoff
254,B07C2NJ6R7,Absolute Leather,"Clothing, Shoes & Jewelry",826340,https://www.amazon.com/s?rh=n%3A3880961%2Cp_89%3AAbsolute+Leather
20,B087JBFJ3H,QVP PQ,"Clothing, Shoes & Jewelry",829664,https://www.amazon.com/s?rh=n%3A3880961%2Cp_89%3AQVP+PQ
117,B00TCVASQY,Classyak,"Clothing, Shoes & Jewelry",838211,https://www.amazon.com/s?rh=n%3A3880961%2Cp_89%3AClassyak
141,B085ZJLG94,Lacoste,"Clothing, Shoes & Jewelry",841330,https://www.amazon.com/s?rh=n%3A3880961%2Cp_89%3ALacoste
187673,B08M3T6RS4,CHENGHONG,"Clothing, Shoes & Jewelry",923337,https://www.amazon.com/s?rh=n%3A3880961%2Cp_89%3ACHENGHONG
196,B0773SGMZK,Urban Leather Factory,"Clothing, Shoes & Jewelry",940615,https://www.amazon.com/s?rh=n%3A3880961%2Cp_89%3AUrban+Leather+Factory
233,B07SCTTN5S,Prada,"Clothing, Shoes & Jewelry",949625,https://www.amazon.com/s?rh=n%3A3880961%2Cp_89%3APrada
199,B00GNFZY52,David Donahue,"Clothing, Shoes & Jewelry",1009159,https://www.amazon.com/s?rh=n%3A3880961%2Cp_89%3ADavid+Donahue
166,B08CY76G5F,Real,"Clothing, Shoes & Jewelry",1027705,https://www.amazon.com/s?rh=n%3A3880961%2Cp_89%3AReal
421,B075MKR4SD,Ralph Ralph Lauren,"Clothing, Shoes & Jewelry,Women,Accessories,Sunglasses & Eyewear Accessories,Eyewear Frames",1128689,https://www.amazon.com/s?rh=n%3A3880961%2Cp_89%3ARalph+Ralph+Lauren
38,B06XGQS7F1,Victorinox,"Clothing, Shoes & Jewelry",1136147,https://www.amazon.com/s?rh=n%3A3880961%2Cp_89%3AVictorinox
207,B00DBR8A56,Swatch,"Clothing, Shoes & Jewelry",1162368,https://www.amazon.com/s?rh=n%3A3880961%2Cp_89%3ASwatch
113,B07STXRCL3,Bling Bling NY,"Clothing, Shoes & Jewelry",1268269,https://www.amazon.com/s?rh=n%3A3880961%2Cp_89%3ABling+Bling+NY
144,B089ZZ8MLT,Melisa,"Clothing, Shoes & Jewelry",1274696,https://www.amazon.com/s?rh=n%3A3880961%2Cp_89%3AMelisa
187784,B081VJ61HY,Omscnkshirt,"Clothing, Shoes & Jewelry,Novelty & More,Clothing,Novelty,Men,Shirts,T-Shirts",1282164,https://www.amazon.com/s?rh=n%3A3880961%2Cp_89%3AOmscnkshirt
142,B08KSQJJP3,Donald J Pliner,"Clothing, Shoes & Jewelry",1294281,https://www.amazon.com/s?rh=n%3A3880961%2Cp_89%3ADonald+J+Pliner
410,B01NBY9Z4K,Mollybridal,"Clothing, Shoes & Jewelry,Women,Clothing,Dresses,Formal",1305126,https://www.amazon.com/s?rh=n%3A3880961%2Cp_89%3AMollybridal
377,B07R5J36ZX,YF-Crystalbeads,"Clothing, Shoes & Jewelry,Women,Jewelry,Bracelets,Stretch",1349851,https://www.amazon.com/s?rh=n%3A3880961%2Cp_89%3AYF-Crystalbeads
258,B07RWWP8WW,Shrine Of Hollywood,"Clothing, Shoes & Jewelry",1363722,https://www.amazon.com/s?rh=n%3A3880961%2Cp_89%3AShrine+Of+Hollywood
260,B07TY1N13G,Tiffany & Co.,"Clothing, Shoes & Jewelry",1373318,https://www.amazon.com/s?rh=n%3A3880961%2Cp_89%3ATiffany+&+Co.
411,B0787B43YC,Bestzo,"Clothing, Shoes & Jewelry,Men,Clothing,Jackets & Coats,Leather & Faux Leather",1382543,https://www.amazon.com/s?rh=n%3A3880961%2Cp_89%3ABestzo
118,B07YZK9767,Tahari ASL,"Clothing, Shoes & Jewelry",1399665,https://www.amazon.com/s?rh=n%3A3880961%2Cp_89%3ATahari+ASL
40,B07NBTTYMH,Ferrari,"Clothing, Shoes & Jewelry",1444331,https://www.amazon.com/s?rh=n%3A3880961%2Cp_89%3AFerrari
185,B07QWB17MB,MONTBLANC,"Clothing, Shoes & Jewelry",1450909,https://www.amazon.com/s?rh=n%3A3880961%2Cp_89%3AMONTBLANC
22,B081TR4FJH,TUMI,"Clothing, Shoes & Jewelry",1460808,https://www.amazon.com/s?rh=n%3A3880961%2Cp_89%3ATUMI
420,B083XX7MB5,Alex Evenings,"Clothing, Shoes & Jewelry,Women,Clothing,Coats, Jackets & Vests,Casual Jackets",1482973,https://www.amazon.com/s?rh=n%3A3880961%2Cp_89%3AAlex+Evenings
13,B07NDZHKMC,Tom Ford,"Clothing, Shoes & Jewelry",1490593,https://www.amazon.com/s?rh=n%3A3880961%2Cp_89%3ATom+Ford
214,B081TLRGHH,Sonia Jewels,"Clothing, Shoes & Jewelry",1608856,https://www.amazon.com/s?rh=n%3A3880961%2Cp_89%3ASonia+Jewels
25,B08L8FQYTF,Norma Kamali,"Clothing, Shoes & Jewelry",1656481,https://www.amazon.com/s?rh=n%3A3880961%2Cp_89%3ANorma+Kamali
374,B092974KXS,T&I.SFO,"Clothing, Shoes & Jewelry,Women,Clothing,Coats, Jackets & Vests,Leather & Faux Leather",1704389,https://www.amazon.com/s?rh=n%3A3880961%2Cp_89%3AT&I.SFO
204,B0129TK9MS,Hollywood Pro,"Clothing, Shoes & Jewelry",1767381,https://www.amazon.com/s?rh=n%3A3880961%2Cp_89%3AHollywood+Pro
94,B08MQCYYWL,HFAGEMV,"Clothing, Shoes & Jewelry",2063190,https://www.amazon.com/s?rh=n%3A3880961%2Cp_89%3AHFAGEMV
427,B08FM1FS9S,Dingo,"Clothing, Shoes & Jewelry,Men,Shoes,Boots,Western",2721803,https://www.amazon.com/s?rh=n%3A3880961%2Cp_89%3ADingo
